id,name,price,description
1,Volkswagen,7052.42,Down-sized optimizing array
2,Dodge,341.01,Reactive solution-oriented data-warehouse
3,Corbin,8636.79,Public-key next generation forecast
4,Audi,3610.65,Organic responsive local area network
5,Ford,5634.95,Automated responsive approach
6,Pontiac,2419.1,Face to face global monitoring
7,Suzuki,4791.6,Organized zero tolerance definition
8,Kia,1120.2,Public-key client-driven function
9,Plymouth,1000.49,Virtual tangible access
10,Buick,3262.53,Public-key even-keeled encoding
11,Mazda,7634.56,Customizable value-added focus group
12,Jeep,6398.4,Open-architected didactic workforce
13,Dodge,8012.33,Ameliorated methodical algorithm
14,Chevrolet,5734.42,Cross-platform leading edge middleware
15,Mercedes-Benz,2893.71,Self-enabling foreground migration
16,Acura,7689.27,Up-sized disintermediate local area network
17,Dodge,4089.75,Function-based multimedia concept
18,Mazda,2355.23,De-engineered encompassing approach
19,Ford,4055.46,Implemented fault-tolerant interface
20,Audi,7601.59,Organic cohesive structure
21,Nissan,3723.56,Expanded maximized implementation
22,Volvo,5299.94,Synergistic intangible forecast
23,Ford,2908.91,Ameliorated eco-centric model
24,Chevrolet,9749.41,Optional web-enabled product
25,Chevrolet,7817.0,Multi-channelled hybrid capacity
26,GMC,283.81,Implemented analyzing application
27,Lincoln,4130.44,Multi-layered multi-state ability
28,Infiniti,7770.94,Cross-platform zero defect Graphic Interface
29,Cadillac,569.57,Quality-focused systemic framework
30,Infiniti,9225.9,Pre-emptive didactic firmware
31,Chevrolet,7431.25,Self-enabling mission-critical task-force
32,Acura,2818.4,Compatible asynchronous challenge
33,Ford,4601.02,Fully-configurable client-server emulation
34,Pontiac,9153.95,Configurable zero administration installation
35,Pontiac,514.68,Profound value-added encoding
36,Mazda,1712.64,Integrated heuristic system engine
37,Toyota,5977.71,Fully-configurable multi-state workforce
38,GMC,3017.95,Ameliorated zero tolerance customer loyalty
39,BMW,8370.26,Adaptive zero tolerance initiative
40,Volvo,1202.48,Cross-group logistical productivity
41,Toyota,6275.59,Face to face uniform complexity
42,Land Rover,41.04,Down-sized neutral archive
43,Mitsubishi,375.31,Secured exuding collaboration
44,Lexus,1405.08,Synergistic bandwidth-monitored matrices
45,Chevrolet,7445.7,Compatible systemic throughput
46,GMC,9547.38,Exclusive multi-state neural-net
47,Mazda,7595.04,Stand-alone content-based access
48,Mitsubishi,5838.02,Switchable exuding contingency
49,BMW,5523.18,Distributed interactive customer loyalty
50,GMC,3.31,Managed global synergy
51,Eagle,3412.8,Vision-oriented incremental implementation
52,Infiniti,9378.43,Quality-focused national local area network
53,Lexus,2868.1,Distributed stable website
54,Honda,6571.37,Persistent heuristic Graphical User Interface
55,Mitsubishi,4311.99,Up-sized methodical protocol
56,Cadillac,4679.48,Cross-group motivating process improvement
57,Chevrolet,1797.68,Networked grid-enabled customer loyalty
58,Lotus,6977.37,Horizontal impactful synergy
59,Suzuki,5452.68,Function-based high-level projection
60,Saturn,9132.98,Organic context-sensitive database
61,GMC,496.36,Expanded logistical parallelism
62,BMW,6270.22,Cross-platform leading edge matrix
63,Acura,7830.74,Innovative contextually-based interface
64,GMC,7006.53,User-friendly transitional internet solution
65,Mazda,2414.77,Streamlined dynamic ability
66,Infiniti,2108.37,Progressive dynamic array
67,Chrysler,5786.4,Extended scalable hierarchy
68,Mercedes-Benz,1076.48,Reactive neutral middleware
69,Honda,3356.26,Balanced demand-driven orchestration
70,Jaguar,4445.55,Exclusive solution-oriented collaboration
71,Volkswagen,2282.74,Organic client-driven migration
72,Oldsmobile,1337.81,Automated reciprocal synergy
73,GMC,5349.7,Organic local flexibility
74,Ford,8965.73,Re-engineered client-driven ability
75,Mitsubishi,982.2,Fundamental full-range function
76,Chevrolet,842.33,User-friendly even-keeled infrastructure
77,Mercedes-Benz,4753.54,Synergistic dynamic utilisation
78,MINI,8087.62,Realigned local protocol
79,Nissan,1263.74,Open-architected 6th generation pricing structure
80,Chevrolet,7336.53,Configurable national firmware
81,Chevrolet,3778.75,Adaptive discrete complexity
82,Pontiac,4757.72,Re-engineered non-volatile workforce
83,GMC,3843.23,Polarised leading edge artificial intelligence
84,Isuzu,5201.19,Inverse 4th generation middleware
85,Ford,4904.68,Intuitive needs-based framework
86,Ford,4007.42,Configurable analyzing hub
87,Nissan,234.39,Sharable value-added hardware
88,Suzuki,4209.24,Persevering global capability
89,Plymouth,3045.54,Cross-group object-oriented service-desk
90,GMC,8985.76,Reduced bifurcated secured line
91,Saab,1683.5,Reverse-engineered object-oriented benchmark
92,Mazda,4148.06,Expanded didactic interface
93,Ford,4709.6,Innovative well-modulated challenge
94,Mitsubishi,4449.92,Digitized composite implementation
95,Isuzu,4719.03,Expanded intermediate emulation
96,Mercedes-Benz,985.84,Optimized real-time architecture
97,Mitsubishi,9653.28,User-centric radical circuit
98,GMC,3869.47,Enhanced dedicated project
99,Volkswagen,1877.64,Triple-buffered responsive middleware
100,Nissan,2958.85,Integrated maximized concept
101,Lotus,2944.93,Balanced explicit encryption
102,Ford,9747.67,Front-line scalable project
103,Aston Martin,1002.43,Realigned stable circuit
104,Mitsubishi,8510.0,Open-source context-sensitive workforce
105,Maybach,4444.62,Operative bottom-line software
106,Jaguar,4080.8,Re-engineered radical Graphical User Interface
107,Hummer,2666.65,Profound mobile moderator
108,Dodge,887.22,Reduced 24 hour standardization
109,Chevrolet,6509.84,Future-proofed asymmetric initiative
110,Chevrolet,5106.87,Automated foreground intranet
111,GMC,862.99,Customizable optimizing customer loyalty
112,Pontiac,8541.49,Up-sized mission-critical complexity
113,Toyota,6609.98,Fully-configurable systemic open system
114,Mitsubishi,432.25,Stand-alone local flexibility
115,Infiniti,1626.95,Down-sized local firmware
116,Chevrolet,8383.25,Seamless user-facing knowledge base
117,Toyota,2728.5,Team-oriented 5th generation service-desk
118,Ford,697.8,Programmable impactful utilisation
119,Ferrari,2231.59,Polarised executive approach
120,Chevrolet,1553.33,Assimilated dedicated pricing structure
121,Toyota,8173.53,Profit-focused exuding architecture
122,Maserati,4883.33,Customizable web-enabled artificial intelligence
123,Jeep,4703.43,Virtual local help-desk
124,Saab,8584.65,Networked responsive capacity
125,Buick,5020.74,Grass-roots clear-thinking moratorium
126,Dodge,2473.41,Streamlined logistical process improvement
127,Cadillac,3018.95,Right-sized incremental support
128,BMW,6467.28,Self-enabling systemic knowledge user
129,Kia,9181.46,Implemented discrete portal
130,Ford,2888.58,Advanced global internet solution
131,Toyota,9297.98,Quality-focused systematic budgetary management
132,Buick,235.15,Inverse high-level matrix
133,Kia,5698.45,Mandatory hybrid array
134,Audi,1021.87,Object-based disintermediate emulation
135,Rolls-Royce,6946.13,Ameliorated attitude-oriented encoding
136,Nissan,8240.13,Enhanced encompassing task-force
137,Chevrolet,8451.41,Phased systematic customer loyalty
138,Chevrolet,939.64,Persevering interactive collaboration
139,Austin,6195.99,Reactive client-driven knowledge base
140,Suzuki,257.16,Realigned zero tolerance matrices
141,Ford,8120.32,Proactive multi-state hierarchy
142,Chevrolet,5100.11,Diverse bottom-line array
143,Dodge,2651.73,Synchronised intermediate attitude
144,Mitsubishi,5230.69,Optimized system-worthy secured line
145,Chevrolet,2238.64,Cross-platform system-worthy success
146,Mercedes-Benz,4845.8,Virtual real-time support
147,Buick,7394.29,Centralized asynchronous task-force
148,Subaru,6923.28,Realigned coherent protocol
149,Chevrolet,8534.17,Inverse regional intranet
150,Land Rover,721.65,Grass-roots context-sensitive local area network
151,Acura,5547.54,Versatile multi-tasking orchestration
152,Subaru,239.46,Front-line 4th generation algorithm
153,Volkswagen,7705.81,Customer-focused zero defect product
154,Nissan,3683.92,Front-line logistical frame
155,Mitsubishi,9955.89,Right-sized optimal task-force
156,Mercedes-Benz,7756.12,Reverse-engineered coherent time-frame
157,Acura,7268.2,Fundamental logistical capability
158,GMC,2712.64,Extended neutral knowledge user
159,Mazda,3577.06,Automated impactful encryption
160,Ford,5785.83,Persevering systematic support
161,Chevrolet,735.47,Re-engineered transitional concept
162,Nissan,7305.83,Multi-channelled mobile protocol
163,Acura,4189.84,Integrated multi-tasking methodology
164,MINI,8741.78,Monitored 5th generation framework
165,Porsche,7802.32,Cross-platform motivating conglomeration
166,GMC,9598.01,Multi-layered contextually-based model
167,Mitsubishi,7194.37,Multi-layered regional core
168,Jeep,8957.03,Front-line full-range Graphic Interface
169,Mitsubishi,3650.02,Fully-configurable even-keeled groupware
170,Ford,7447.87,Open-architected disintermediate budgetary management
171,Ford,9736.59,Ergonomic needs-based encoding
172,Suzuki,1246.48,Reactive 5th generation Graphical User Interface
173,GMC,3214.66,Quality-focused analyzing success
174,Chevrolet,2747.05,Persistent methodical workforce
175,Pontiac,7648.72,Multi-layered real-time contingency
176,Dodge,7063.87,Seamless incremental alliance
177,Mitsubishi,3898.06,Digitized incremental hardware
178,Mercury,5733.54,Streamlined next generation definition
179,Chevrolet,6651.35,Polarised value-added groupware
180,Acura,4854.82,Reverse-engineered bifurcated hierarchy
181,Mercedes-Benz,5303.79,Persevering analyzing budgetary management
182,Infiniti,9503.47,Progressive bandwidth-monitored firmware
183,Chevrolet,7041.43,Grass-roots content-based model
184,Lexus,2880.25,Public-key client-server structure
185,Ford,398.48,Switchable neutral ability
186,Volkswagen,4405.01,Ameliorated systematic focus group
187,Volkswagen,3601.73,Total incremental emulation
188,BMW,1500.69,Phased clear-thinking time-frame
189,Lexus,5922.5,Exclusive executive definition
190,Toyota,4063.48,Stand-alone radical internet solution
191,Ford,5249.35,Universal background implementation
192,Ford,4888.7,Inverse composite support
193,Lexus,8919.46,Versatile user-facing framework
194,Subaru,3382.71,Multi-channelled intermediate help-desk
195,Honda,948.19,Customer-focused even-keeled superstructure
196,Suzuki,6457.37,Versatile coherent utilisation
197,Audi,7825.75,Customizable non-volatile policy
198,Volkswagen,8371.73,Profit-focused global migration
199,GMC,7382.15,Up-sized incremental approach
200,GMC,6342.58,Enhanced zero administration middleware
201,Infiniti,9221.79,Public-key object-oriented productivity
202,Chevrolet,8414.14,Reverse-engineered empowering function
203,Chevrolet,2603.84,Fully-configurable eco-centric paradigm
204,Oldsmobile,7516.43,Innovative responsive ability
205,Lexus,9629.52,Proactive mobile task-force
206,Dodge,337.48,Intuitive multi-state encoding
207,Toyota,7653.66,Right-sized asymmetric alliance
208,Ford,3450.08,Up-sized hybrid throughput
209,Alfa Romeo,5961.85,Virtual grid-enabled productivity
210,GMC,9163.13,Streamlined system-worthy encryption
211,Kia,1439.47,Centralized asymmetric policy
212,Hyundai,872.51,Ameliorated object-oriented leverage
213,Ford,4381.71,Team-oriented non-volatile system engine
214,Mercedes-Benz,3932.53,Adaptive explicit intranet
215,Volkswagen,5800.33,Up-sized asymmetric conglomeration
216,Subaru,4065.34,Monitored impactful complexity
217,Ferrari,3369.16,Focused coherent hub
218,Nissan,6680.65,Organized responsive intranet
219,Mitsubishi,7974.58,Managed bandwidth-monitored infrastructure
220,Scion,7462.29,Assimilated exuding solution
221,Mitsubishi,5712.7,Future-proofed heuristic help-desk
222,Cadillac,8436.02,Integrated optimal model
223,GMC,8727.81,Secured mission-critical attitude
224,GMC,2645.39,Assimilated multimedia instruction set
225,Dodge,704.01,Vision-oriented web-enabled synergy
226,Volkswagen,1912.8,Focused uniform middleware
227,Volkswagen,5153.06,Compatible holistic intranet
228,BMW,844.88,Right-sized homogeneous toolset
229,Mazda,4067.69,Devolved high-level solution
230,Isuzu,7451.53,Expanded empowering internet solution
231,Land Rover,8811.5,Managed background task-force
232,Buick,1401.4,Advanced clear-thinking interface
233,Bentley,3006.28,Profound real-time software
234,Mercury,9865.1,Enhanced coherent framework
235,Lexus,5368.53,Programmable national matrices
236,Lexus,339.47,Streamlined attitude-oriented Graphic Interface
237,Ford,2681.85,Self-enabling transitional budgetary management
238,Jaguar,6472.74,Customer-focused optimal database
239,Nissan,2310.95,Open-source exuding attitude
240,Suzuki,7179.73,Reverse-engineered reciprocal forecast
241,Mercedes-Benz,4787.59,Upgradable optimizing attitude
242,Chevrolet,69.33,Fundamental analyzing capability
243,Mitsubishi,4841.11,Integrated global contingency
244,Ford,3698.91,Assimilated motivating synergy
245,GMC,3617.25,Quality-focused intermediate access
246,Audi,6643.23,Face to face multimedia model
247,Chrysler,5592.82,Cloned systematic data-warehouse
248,Mercedes-Benz,9301.1,Configurable cohesive forecast
249,Plymouth,7382.81,Virtual encompassing toolset
250,Toyota,8474.46,Triple-buffered analyzing open architecture
251,Pontiac,4469.73,Progressive non-volatile knowledge base
252,Mazda,3865.43,Phased discrete service-desk
253,Volkswagen,3764.16,Team-oriented multi-state open system
254,Mercedes-Benz,2578.29,Fully-configurable value-added throughput
255,GMC,7710.94,Expanded 24/7 standardization
256,Alfa Romeo,4247.36,Robust 5th generation task-force
257,Volkswagen,3947.35,Open-source full-range attitude
258,Mazda,3770.48,Exclusive national hardware
259,Dodge,2026.5,Cloned responsive intranet
260,Suzuki,598.64,Open-source secondary policy
261,Chevrolet,8131.27,Multi-layered full-range attitude
262,Mercedes-Benz,77.85,Inverse explicit firmware
263,Tesla,2263.85,Public-key explicit focus group
264,Saab,7559.79,Customer-focused empowering data-warehouse
265,Saab,6377.24,Stand-alone clear-thinking pricing structure
266,Acura,184.75,Synergized full-range collaboration
267,Ford,5637.47,Focused fault-tolerant service-desk
268,Buick,9836.33,Synergized multi-tasking open architecture
269,Suzuki,2341.0,Customizable executive concept
270,Oldsmobile,4006.07,Customer-focused homogeneous capability
271,Hyundai,298.58,Profit-focused stable info-mediaries
272,Ford,242.64,Multi-channelled executive concept
273,Suzuki,77.6,Total maximized info-mediaries
274,Dodge,3921.23,Fully-configurable bottom-line definition
275,Nissan,4572.5,Adaptive intermediate synergy
276,Chevrolet,2977.97,Optional static knowledge base
277,Pontiac,800.56,Seamless human-resource function
278,BMW,8924.54,Realigned system-worthy firmware
279,Buick,8621.26,Decentralized well-modulated conglomeration
280,GMC,2011.16,De-engineered modular capacity
281,Lotus,7954.04,Sharable next generation initiative
282,Porsche,636.5,Operative value-added solution
283,Nissan,4881.58,Persevering multi-state standardization
284,Acura,9028.69,Automated contextually-based throughput
285,Mitsubishi,4607.26,Grass-roots holistic budgetary management
286,Subaru,1831.55,Automated well-modulated neural-net
287,Nissan,5242.4,Intuitive exuding protocol
288,Lamborghini,2108.23,Mandatory interactive system engine
289,Ford,4014.04,Managed optimizing customer loyalty
290,Chevrolet,1727.93,Virtual optimizing orchestration
291,GMC,6105.81,Phased coherent product
292,BMW,9249.01,Self-enabling full-range migration
293,Buick,3496.65,Universal zero defect analyzer
294,Chevrolet,8313.09,Secured client-server focus group
295,BMW,9077.22,Optional explicit array
296,Volkswagen,2462.52,Fundamental incremental methodology
297,Jeep,9202.74,Profound full-range capacity
298,Chevrolet,5076.35,Multi-layered radical process improvement
299,Mercedes-Benz,5053.46,Optional context-sensitive local area network
300,Land Rover,4955.16,Customizable cohesive implementation
301,Mercedes-Benz,1749.7,Exclusive transitional moratorium
302,Isuzu,3322.67,Optional foreground synergy
303,Honda,9539.74,Operative multi-tasking leverage
304,Hyundai,202.39,Quality-focused heuristic architecture
305,Suzuki,4377.78,Networked bandwidth-monitored adapter
306,Acura,5888.22,Optional value-added matrix
307,Toyota,2893.39,Visionary tertiary framework
308,Mitsubishi,6275.63,Ameliorated systemic infrastructure
309,Isuzu,4663.41,Expanded high-level internet solution
310,GMC,4133.65,Cloned methodical local area network
311,Mitsubishi,1506.48,Team-oriented needs-based throughput
312,Buick,7413.08,Centralized multi-tasking workforce
313,Mitsubishi,3353.61,Organic upward-trending focus group
314,Mazda,7772.74,Robust bottom-line time-frame
315,Ford,6446.62,Intuitive bifurcated array
316,Chevrolet,1526.45,Robust bifurcated support
317,Mitsubishi,7432.53,Function-based content-based migration
318,Chevrolet,1007.0,Automated interactive budgetary management
319,Ford,1979.18,Reactive 24 hour paradigm
320,Honda,483.45,Up-sized executive Graphical User Interface
321,Dodge,8597.85,Quality-focused well-modulated contingency
322,Chevrolet,524.75,Multi-channelled regional approach
323,Chevrolet,8876.36,Fundamental analyzing open system
324,Toyota,8016.38,Visionary multi-tasking approach
325,Audi,7593.27,Face to face leading edge data-warehouse
326,Lexus,6694.83,Inverse 3rd generation capability
327,Toyota,3784.51,User-centric value-added strategy
328,Suzuki,5024.23,Function-based hybrid function
329,Audi,7289.27,Reactive leading edge matrices
330,Volkswagen,7882.18,Advanced systematic strategy
331,GMC,3213.98,Exclusive background monitoring
332,Ford,8272.45,Stand-alone fresh-thinking conglomeration
333,Pontiac,2135.8,Extended empowering task-force
334,Nissan,4384.14,Face to face dynamic pricing structure
335,Jeep,4325.7,Multi-lateral cohesive database
336,Toyota,7399.81,Face to face content-based forecast
337,Toyota,2905.0,Operative dynamic portal
338,Chevrolet,1303.33,Streamlined disintermediate database
339,Acura,592.96,Diverse foreground open system
340,Nissan,3140.31,Re-engineered zero defect solution
341,Dodge,5840.83,Vision-oriented next generation structure
342,Dodge,3294.8,Configurable dynamic data-warehouse
343,Lincoln,1239.07,Customizable global installation
344,Acura,8484.3,Up-sized encompassing contingency
345,Mercury,2886.13,Switchable multi-state policy
346,Nissan,7909.49,Front-line reciprocal forecast
347,Dodge,4294.82,Business-focused zero administration capability
348,Mazda,7600.12,Phased 24/7 architecture
349,Jeep,195.46,Customizable foreground software
350,Audi,123.46,Proactive holistic intranet
351,Subaru,7910.99,Multi-channelled optimizing utilisation
352,Mitsubishi,333.03,Innovative hybrid ability
353,Tesla,8725.73,Innovative 3rd generation ability
354,Chrysler,3324.35,Function-based client-server help-desk
355,Pontiac,4669.66,Networked modular Graphical User Interface
356,BMW,1093.5,Exclusive systematic utilisation
357,Pontiac,5027.31,Distributed discrete core
358,Volkswagen,5685.15,Configurable intangible workforce
359,Chevrolet,7807.08,Ergonomic 5th generation migration
360,Buick,2547.57,Balanced local data-warehouse
361,Toyota,2214.15,Total dynamic capacity
362,Audi,8620.3,Virtual holistic model
363,Toyota,6906.36,Digitized radical forecast
364,Plymouth,2975.98,Sharable tangible array
365,Mazda,6019.23,Intuitive didactic paradigm
366,Pontiac,7543.78,Balanced needs-based encoding
367,Dodge,3285.25,Face to face user-facing benchmark
368,Ford,2236.43,Realigned national customer loyalty
369,Mitsubishi,4979.93,Cross-platform 24 hour extranet
370,Mitsubishi,9838.45,Pre-emptive attitude-oriented functionalities
371,Aston Martin,3676.76,Team-oriented full-range core
372,Oldsmobile,3546.7,Multi-layered uniform architecture
373,Acura,5973.01,Cross-group demand-driven productivity
374,Chevrolet,5111.54,Monitored static instruction set
375,Scion,3728.95,Pre-emptive holistic matrix
376,Volvo,4412.08,Stand-alone homogeneous productivity
377,Chrysler,3909.0,Vision-oriented radical framework
378,Dodge,4903.64,Stand-alone client-server workforce
379,Acura,4783.29,Innovative dedicated superstructure
380,GMC,3269.63,Down-sized 24/7 system engine
381,Lincoln,5903.92,Optional background product
382,Toyota,3183.95,Exclusive encompassing matrices
383,Ford,195.31,Advanced motivating extranet
384,Honda,1903.49,Organized background support
385,BMW,7319.19,Re-engineered neutral functionalities
386,Cadillac,3712.03,Triple-buffered national data-warehouse
387,GMC,5860.93,Implemented web-enabled product
388,Mazda,1320.57,Profit-focused static projection
389,Mitsubishi,7225.69,Digitized even-keeled protocol
390,Ford,3590.41,Down-sized analyzing artificial intelligence
391,Lexus,9432.42,Streamlined actuating local area network
392,BMW,5519.61,Persevering content-based project
393,Toyota,6855.47,Centralized bifurcated instruction set
394,Nissan,2937.68,De-engineered tertiary parallelism
395,Lincoln,5037.69,Innovative scalable array
396,Chrysler,5679.52,Cross-platform didactic archive
397,Land Rover,4790.05,Networked dynamic architecture
398,Ford,7401.41,Upgradable neutral installation
399,GMC,8240.67,Advanced zero tolerance extranet
400,Hyundai,9955.55,Upgradable real-time orchestration
401,Ford,859.19,Synergized 3rd generation hierarchy
402,Volvo,2492.93,Multi-layered local strategy
403,Honda,3450.26,Monitored fault-tolerant groupware
404,Ford,5284.54,Universal secondary parallelism
405,Mercedes-Benz,3201.16,Cross-group next generation focus group
406,Volvo,3709.43,Streamlined context-sensitive orchestration
407,Cadillac,5277.74,Implemented didactic extranet
408,Volvo,8799.42,Multi-layered client-server adapter
409,Subaru,1179.46,Focused global monitoring
410,Hyundai,2821.23,Synchronised interactive internet solution
411,Infiniti,5182.26,Mandatory homogeneous service-desk
412,Chevrolet,9597.99,Progressive holistic budgetary management
413,Cadillac,7770.41,Profit-focused well-modulated local area network
414,Mitsubishi,3033.33,Cross-group fault-tolerant initiative
415,Isuzu,6473.71,Open-architected 5th generation capability
416,Ford,3631.71,Assimilated needs-based task-force
417,GMC,9699.24,Innovative reciprocal analyzer
418,Pontiac,6237.06,Fundamental static Graphic Interface
419,Ford,1442.88,Devolved tertiary synergy
420,Buick,848.05,Cloned systemic portal
421,GMC,3327.17,Vision-oriented system-worthy array
422,Smart,1402.94,Configurable client-server approach
423,Ford,2365.18,De-engineered impactful throughput
424,Suzuki,8597.05,Proactive responsive capability
425,CitroÃ«n,7529.1,Organized zero tolerance internet solution
426,Toyota,5426.57,Implemented discrete array
427,GMC,9044.06,Decentralized holistic artificial intelligence
428,Mitsubishi,8740.35,Reactive secondary hardware
429,Volkswagen,1351.69,Ameliorated dynamic focus group
430,Toyota,5845.18,Realigned interactive encryption
431,Mitsubishi,796.99,Programmable explicit productivity
432,Volkswagen,7108.59,Front-line upward-trending function
433,Lexus,1240.5,Configurable value-added task-force
434,Volkswagen,4465.32,Fully-configurable multi-state definition
435,Mercedes-Benz,3516.46,Phased 4th generation data-warehouse
436,Mazda,7989.33,Enhanced grid-enabled service-desk
437,Buick,6299.55,Ergonomic regional encoding
438,Maserati,5426.09,Inverse bi-directional orchestration
439,Mercury,235.48,Fundamental methodical projection
440,Dodge,4906.73,Triple-buffered zero tolerance software
441,Mitsubishi,7630.62,Robust bottom-line portal
442,Alfa Romeo,2995.86,Implemented homogeneous middleware
443,Lincoln,3431.86,Pre-emptive neutral parallelism
444,Honda,8454.11,Organic holistic process improvement
445,Mercury,9290.47,Team-oriented modular open system
446,Volkswagen,6645.83,Sharable explicit instruction set
447,Ford,6029.48,De-engineered optimal attitude
448,Volkswagen,1944.38,Robust coherent neural-net
449,Toyota,8408.1,Stand-alone motivating local area network
450,Chrysler,2008.53,Pre-emptive stable Graphic Interface
451,Nissan,549.17,Progressive incremental methodology
452,Chevrolet,7204.45,Distributed transitional knowledge base
453,Buick,904.27,Operative tertiary pricing structure
454,Subaru,9594.33,Digitized systemic model
455,Pontiac,4059.74,Sharable multi-tasking encoding
456,Pontiac,7373.26,Cross-platform dynamic instruction set
457,GMC,3464.19,Synergized asynchronous capacity
458,Cadillac,5948.2,Organic system-worthy success
459,Mitsubishi,7120.28,Adaptive disintermediate service-desk
460,BMW,6776.41,Centralized stable archive
461,Land Rover,4618.03,Intuitive upward-trending neural-net
462,Audi,1431.98,Profit-focused encompassing moderator
463,Geo,8365.61,Robust regional intranet
464,Pontiac,9292.44,Integrated 5th generation utilisation
465,Toyota,3225.33,Synchronised grid-enabled projection
466,Dodge,4347.33,Secured user-facing moratorium
467,Mazda,3394.75,Realigned mission-critical portal
468,Ford,1826.82,Polarised cohesive success
469,Cadillac,7610.08,Upgradable 4th generation open architecture
470,Volkswagen,7064.54,Exclusive directional extranet
471,Nissan,29.29,Progressive incremental standardization
472,Mercedes-Benz,1967.71,Reduced zero tolerance internet solution
473,Ford,4937.66,Cross-platform methodical algorithm
474,Toyota,5837.25,Automated dedicated firmware
475,Nissan,8988.6,Multi-channelled fault-tolerant interface
476,Pontiac,7461.28,Cross-platform neutral installation
477,Cadillac,3668.67,Synergized systematic monitoring
478,Volkswagen,8948.59,Enhanced neutral pricing structure
479,Volvo,2013.84,Monitored even-keeled service-desk
480,Nissan,6167.29,Persistent fault-tolerant internet solution
481,Toyota,3404.75,Ameliorated responsive core
482,Ford,8859.05,Multi-channelled web-enabled encryption
483,Mitsubishi,2328.01,Profit-focused solution-oriented firmware
484,Pontiac,5712.2,Self-enabling high-level moratorium
485,Ford,8559.91,Grass-roots client-server protocol
486,Acura,7398.75,Persevering cohesive framework
487,Audi,6224.13,Re-engineered value-added data-warehouse
488,Volkswagen,178.33,Optimized neutral moderator
489,Dodge,9210.35,Monitored clear-thinking implementation
490,Ford,6662.53,Synergized human-resource leverage
491,Chevrolet,1668.91,Polarised coherent leverage
492,GMC,4681.56,Cross-group motivating orchestration
493,BMW,1550.88,Open-source 5th generation installation
494,Chevrolet,7154.17,Synergistic bi-directional circuit
495,Mercury,9791.61,Optional actuating architecture
496,Mitsubishi,7144.24,User-centric 24 hour capability
497,Ford,1647.08,Enhanced empowering attitude
498,Buick,2991.01,De-engineered needs-based contingency
499,Audi,6941.71,Optimized client-server protocol
500,Honda,7803.01,Organic incremental contingency
501,Lincoln,8211.84,Reactive even-keeled complexity
502,Chevrolet,3510.26,Synergistic modular synergy
503,Saab,5124.99,Total executive focus group
504,Saturn,3753.54,Centralized upward-trending frame
505,Mercury,2960.7,User-friendly disintermediate support
506,Hummer,2447.48,Exclusive cohesive paradigm
507,Chevrolet,1798.68,Synergized mission-critical core
508,GMC,7076.05,Configurable intermediate flexibility
509,Chrysler,7799.19,Reverse-engineered client-driven toolset
510,Panoz,7693.06,Open-source object-oriented artificial intelligence
511,Dodge,2326.21,Phased executive database
512,Pontiac,5383.46,Business-focused systematic service-desk
513,Lotus,7930.25,Progressive bi-directional extranet
514,Ford,7989.09,Horizontal bottom-line capacity
515,Mercedes-Benz,6173.13,Enhanced impactful utilisation
516,Infiniti,1906.01,Quality-focused solution-oriented throughput
517,Infiniti,7212.83,Ergonomic interactive open system
518,Volkswagen,8962.71,Cloned didactic capacity
519,Mitsubishi,2595.1,Fully-configurable zero administration product
520,BMW,1232.01,Down-sized discrete groupware
521,BMW,3142.52,Organized system-worthy alliance
522,Toyota,6634.15,User-centric full-range product
523,Scion,3427.19,Monitored stable info-mediaries
524,Honda,4746.25,Progressive client-server parallelism
525,Nissan,2676.09,Multi-lateral dynamic functionalities
526,Mercedes-Benz,549.7,Reverse-engineered homogeneous middleware
527,Porsche,7309.4,Phased even-keeled support
528,BMW,1910.6,Front-line dynamic task-force
529,Volkswagen,7989.94,Networked static architecture
530,Lexus,3147.17,Mandatory grid-enabled emulation
531,Mercury,3323.44,Enhanced full-range process improvement
532,Infiniti,8275.26,Down-sized holistic matrices
533,GMC,2228.65,Multi-channelled local challenge
534,Ford,6100.78,Down-sized homogeneous knowledge user
535,Chevrolet,8102.69,Universal optimizing neural-net
536,Jaguar,5183.12,Sharable foreground synergy
537,Dodge,5987.57,Profit-focused dedicated service-desk
538,Isuzu,6168.28,Persistent grid-enabled structure
539,Toyota,7933.22,Monitored directional circuit
540,Ford,9308.66,Managed impactful open system
541,Mitsubishi,9067.53,Face to face cohesive middleware
542,Isuzu,4482.85,Vision-oriented explicit website
543,Mercedes-Benz,8004.64,Progressive intermediate project
544,Cadillac,8348.66,Automated actuating pricing structure
545,Dodge,8504.98,Face to face optimizing productivity
546,Pontiac,4503.18,Stand-alone 3rd generation workforce
547,MINI,6251.46,Realigned holistic infrastructure
548,Porsche,9780.78,Managed real-time groupware
549,Honda,5714.62,Persistent context-sensitive productivity
550,Mercedes-Benz,5989.09,Virtual actuating forecast
551,Oldsmobile,2297.91,Profit-focused maximized synergy
552,Mitsubishi,2149.61,Implemented interactive focus group
553,Lincoln,4034.74,Object-based object-oriented circuit
554,Mitsubishi,5376.12,Customer-focused asynchronous hardware
555,Dodge,6930.19,Monitored upward-trending leverage
556,Cadillac,6033.86,Pre-emptive uniform moratorium
557,Chevrolet,4639.97,Business-focused hybrid standardization
558,GMC,8104.87,Devolved local capability
559,Mazda,5020.63,Profound reciprocal conglomeration
560,Lincoln,7788.36,Synchronised human-resource project
561,Ram,7063.19,Intuitive contextually-based concept
562,Mazda,5794.12,Ameliorated intermediate local area network
563,Jeep,9825.3,Optional intangible workforce
564,Infiniti,1597.17,Mandatory asynchronous project
565,Cadillac,8001.89,Total zero defect migration
566,Acura,5213.91,Pre-emptive human-resource forecast
567,Daewoo,1571.14,Sharable next generation toolset
568,Infiniti,9685.2,Switchable bifurcated hub
569,Suzuki,2188.81,Automated transitional adapter
570,Jaguar,8453.17,Quality-focused mobile help-desk
571,Saturn,2382.02,Decentralized fresh-thinking collaboration
572,Land Rover,7764.72,Operative asymmetric adapter
573,Mercury,8771.54,Right-sized explicit framework
574,Pontiac,468.76,Virtual motivating toolset
575,Honda,1109.85,Programmable radical task-force
576,Mitsubishi,6912.1,Down-sized 6th generation methodology
577,Volkswagen,4232.55,Organized solution-oriented model
578,Lexus,6360.2,Proactive real-time help-desk
579,Mazda,2905.45,Assimilated global flexibility
580,Mercedes-Benz,8824.57,Stand-alone radical customer loyalty
581,Ford,6410.85,Organized solution-oriented contingency
582,Toyota,8747.53,Fully-configurable even-keeled budgetary management
583,Saab,3495.23,Public-key well-modulated knowledge base
584,Chevrolet,7335.02,Centralized well-modulated initiative
585,Porsche,2102.79,Compatible zero administration concept
586,GMC,6651.85,Right-sized client-driven help-desk
587,Plymouth,8171.84,Polarised scalable migration
588,Ford,1980.21,Cross-platform interactive database
589,Ford,7461.67,Visionary fresh-thinking neural-net
590,Chevrolet,4594.78,Multi-tiered leading edge model
591,Volvo,3876.99,Customer-focused discrete methodology
592,Chevrolet,8763.9,Centralized zero defect policy
593,Subaru,3752.39,Intuitive incremental support
594,Saab,4174.78,Polarised web-enabled process improvement
595,Land Rover,6621.98,Phased explicit extranet
596,Mitsubishi,1727.43,Devolved upward-trending throughput
597,Hyundai,3307.22,Adaptive systemic structure
598,Subaru,2300.46,Front-line optimal open system
599,Bentley,2297.74,Multi-channelled radical capability
600,Chevrolet,3430.92,Re-contextualized upward-trending benchmark
601,Subaru,8537.74,Expanded composite hierarchy
602,Daewoo,2475.33,Integrated impactful policy
603,Dodge,6744.54,Phased full-range info-mediaries
604,Volkswagen,8079.01,Fundamental 3rd generation workforce
605,Pontiac,6272.19,User-centric systematic contingency
606,Ford,4435.05,Phased leading edge policy
607,Chevrolet,1262.8,Quality-focused heuristic instruction set
608,Honda,1813.06,Switchable multi-tasking secured line
609,Lincoln,5971.37,Diverse user-facing productivity
610,Dodge,5824.71,Object-based exuding synergy
611,Dodge,245.67,Cloned national benchmark
612,Acura,2517.82,Programmable bandwidth-monitored frame
613,Kia,337.81,Self-enabling methodical toolset
614,Chevrolet,7386.45,Monitored 6th generation focus group
615,Daihatsu,7396.44,Stand-alone asynchronous help-desk
616,Lexus,4365.35,Operative context-sensitive projection
617,Ford,6119.34,Phased tangible parallelism
618,Pontiac,9412.96,Innovative impactful flexibility
619,Mercedes-Benz,6993.33,Exclusive tangible projection
620,Infiniti,4842.15,Profound context-sensitive encoding
621,Mercedes-Benz,9021.61,Upgradable bottom-line frame
622,Nissan,1827.35,Exclusive secondary frame
623,Geo,1787.57,Total systemic benchmark
624,Dodge,8636.67,Expanded homogeneous adapter
625,Chrysler,2969.37,Proactive systematic policy
626,Suzuki,4851.86,Networked systematic monitoring
627,Mazda,1697.85,Optimized well-modulated intranet
628,Jaguar,6480.14,Profit-focused transitional Graphic Interface
629,Chevrolet,3754.11,Multi-tiered solution-oriented Graphic Interface
630,Toyota,896.57,Total systemic frame
631,Honda,4255.13,Seamless non-volatile system engine
632,Honda,8359.64,Vision-oriented directional policy
633,Toyota,8717.48,User-friendly encompassing productivity
634,Ford,6532.51,Upgradable incremental definition
635,Volkswagen,9022.51,Centralized didactic standardization
636,BMW,6361.47,Devolved logistical framework
637,GMC,5904.75,Expanded 6th generation attitude
638,Chrysler,3338.61,Self-enabling hybrid hierarchy
639,Jaguar,1538.5,User-centric background paradigm
640,Ford,3344.49,Horizontal hybrid portal
641,Land Rover,5292.9,Extended maximized monitoring
642,Suzuki,3842.75,Assimilated systemic application
643,Chevrolet,9076.08,Optional leading edge benchmark
644,Audi,8731.51,Multi-channelled 6th generation customer loyalty
645,Dodge,4271.49,Team-oriented holistic archive
646,Land Rover,3913.77,Secured zero tolerance access
647,Chevrolet,4678.62,Synergized encompassing synergy
648,Buick,2222.39,Future-proofed bifurcated hierarchy
649,Mercury,2154.31,Open-architected analyzing orchestration
650,Bentley,3986.66,Diverse local superstructure
651,Jaguar,9537.0,Realigned dedicated capacity
652,Maserati,9260.68,Expanded incremental circuit
653,Mitsubishi,1298.95,Public-key contextually-based focus group
654,Mercedes-Benz,3288.38,Programmable bifurcated migration
655,Kia,5432.82,Front-line even-keeled open system
656,Jaguar,4945.4,Future-proofed reciprocal task-force
657,Buick,6058.07,Organized regional definition
658,Hummer,6095.11,Cross-platform clear-thinking access
659,Chevrolet,2514.89,Exclusive executive time-frame
660,Kia,357.97,Integrated user-facing functionalities
661,Lexus,1276.0,Fundamental demand-driven application
662,Chevrolet,4590.4,Future-proofed grid-enabled synergy
663,Mercury,585.6,Devolved multi-tasking migration
664,Cadillac,6877.92,Polarised disintermediate forecast
665,Lincoln,668.8,Optional user-facing process improvement
666,Hyundai,3326.7,Front-line reciprocal knowledge user
667,Kia,6557.84,Centralized interactive analyzer
668,Cadillac,1577.54,Integrated composite knowledge base
669,Nissan,7458.76,Implemented context-sensitive solution
670,Nissan,8410.69,Automated intermediate budgetary management
671,Lotus,858.85,Synergistic high-level website
672,Toyota,1021.54,Networked methodical paradigm
673,Ford,8430.95,Compatible transitional productivity
674,Mercedes-Benz,8756.71,Function-based leading edge secured line
675,Toyota,6782.98,Reactive leading edge superstructure
676,Audi,3006.38,Operative encompassing solution
677,Toyota,3436.98,Pre-emptive national productivity
678,GMC,3846.75,Horizontal background challenge
679,Chevrolet,8296.94,Self-enabling demand-driven software
680,Toyota,6570.48,Open-source holistic algorithm
681,Mazda,6411.25,Reverse-engineered bi-directional initiative
682,Hyundai,3132.09,Multi-layered object-oriented middleware
683,Subaru,5396.2,Up-sized asynchronous paradigm
684,Ford,2030.46,Assimilated coherent encoding
685,Dodge,5924.35,Re-engineered non-volatile circuit
686,Land Rover,3086.04,Adaptive 5th generation artificial intelligence
687,Jaguar,7301.78,Team-oriented value-added Graphical User Interface
688,Lincoln,1258.41,Re-engineered coherent function
689,Chevrolet,2049.35,Reduced bi-directional initiative
690,Ford,8886.29,Persistent eco-centric approach
691,Mazda,5147.91,Enhanced explicit attitude
692,Kia,8434.87,Persistent value-added contingency
693,Audi,7483.19,Extended 6th generation knowledge base
694,Ford,2839.58,Centralized incremental data-warehouse
695,Audi,4075.3,Adaptive heuristic local area network
696,Honda,6424.82,Innovative transitional solution
697,Hyundai,6406.32,Automated systemic strategy
698,Chevrolet,6064.03,Sharable 5th generation strategy
699,Land Rover,3411.71,Right-sized needs-based firmware
700,Dodge,7344.99,Visionary executive infrastructure
701,Spyker,959.56,Compatible hybrid implementation
702,Chevrolet,970.83,Digitized grid-enabled definition
703,Toyota,4210.83,Multi-lateral uniform synergy
704,Buick,9080.03,Persistent directional parallelism
705,Chevrolet,2380.37,Profound zero defect projection
706,Chevrolet,3869.08,Distributed disintermediate policy
707,Mazda,4088.88,Front-line modular focus group
708,Toyota,3241.93,Multi-lateral impactful ability
709,Ford,3853.78,Monitored logistical policy
710,Mazda,559.82,Diverse coherent system engine
711,Mercedes-Benz,4375.81,Devolved grid-enabled contingency
712,Toyota,4204.51,Fundamental even-keeled help-desk
713,GMC,2716.22,Digitized motivating circuit
714,Honda,9470.15,Team-oriented real-time matrices
715,Ford,3288.44,Grass-roots 24 hour customer loyalty
716,Lexus,7272.37,Expanded maximized middleware
717,Dodge,2560.29,Networked mobile synergy
718,Mazda,3505.43,Organic motivating knowledge user
719,Cadillac,7110.32,Proactive tangible moderator
720,Volkswagen,5029.02,Inverse global solution
721,Ford,225.79,Devolved foreground process improvement
722,Audi,6896.9,Versatile optimizing paradigm
723,Mercury,5876.26,Profit-focused needs-based methodology
724,Infiniti,1408.78,Phased explicit knowledge user
725,Toyota,3589.85,Grass-roots dynamic productivity
726,Volvo,5402.04,Progressive incremental middleware
727,Chevrolet,7764.55,Balanced next generation capacity
728,Subaru,6327.44,Stand-alone background alliance
729,Ford,3609.53,Inverse real-time projection
730,Smart,5042.58,Visionary 3rd generation knowledge user
731,Volkswagen,6361.88,Operative next generation data-warehouse
732,Holden,6971.38,Integrated regional intranet
733,BMW,2887.96,Advanced holistic Graphic Interface
734,GMC,243.39,Synergistic national local area network
735,Cadillac,1908.34,Synergized interactive alliance
736,Hyundai,1795.99,Fundamental radical internet solution
737,Porsche,9495.17,Centralized web-enabled help-desk
738,Ford,1057.98,Inverse hybrid task-force
739,BMW,644.48,Advanced 5th generation analyzer
740,Cadillac,1853.03,Organized mobile groupware
741,Ram,6030.43,Profit-focused asymmetric policy
742,Daewoo,8302.5,Reactive even-keeled protocol
743,Chevrolet,9819.44,Proactive 5th generation support
744,Ford,9034.37,Cross-group responsive ability
745,Ford,9614.14,Distributed asymmetric website
746,Nissan,1979.88,User-centric optimal open architecture
747,Suzuki,4638.7,Decentralized dynamic process improvement
748,Subaru,8767.32,Self-enabling bandwidth-monitored data-warehouse
749,Pontiac,932.42,Stand-alone responsive monitoring
750,Ford,4525.83,Digitized solution-oriented project
751,Volvo,2934.94,Proactive heuristic service-desk
752,Infiniti,8451.53,Mandatory 4th generation installation
753,Toyota,8232.32,Organized empowering process improvement
754,Subaru,6814.63,Extended system-worthy attitude
755,Mitsubishi,7465.26,Triple-buffered zero defect neural-net
756,Honda,8243.96,Extended reciprocal knowledge user
757,Volkswagen,7060.34,Polarised user-facing architecture
758,Oldsmobile,779.71,Inverse object-oriented protocol
759,Volkswagen,7489.03,Multi-layered neutral benchmark
760,GMC,9130.13,Down-sized asynchronous data-warehouse
761,Mazda,8086.34,Programmable uniform protocol
762,Mitsubishi,7876.48,Assimilated even-keeled utilisation
763,Toyota,6838.71,Phased maximized installation
764,Volvo,7477.93,Synergistic hybrid implementation
765,Dodge,390.13,Quality-focused multi-state hardware
766,Pontiac,8412.34,Horizontal optimizing portal
767,Mitsubishi,2856.4,Front-line solution-oriented product
768,BMW,2941.01,Robust composite info-mediaries
769,Chevrolet,2553.24,Expanded mobile leverage
770,Ford,9598.62,Fundamental executive attitude
771,Jeep,2461.96,Optimized system-worthy application
772,Lincoln,5658.52,Open-source content-based interface
773,GMC,86.32,Profit-focused optimal model
774,Toyota,5987.75,Total responsive knowledge user
775,Toyota,8910.56,Persistent 6th generation core
776,Bentley,7815.1,Diverse human-resource extranet
777,Mazda,3714.67,Total uniform database
778,Kia,6651.34,Open-architected value-added info-mediaries
779,Lotus,4637.94,Reduced optimizing help-desk
780,Jaguar,5580.75,Organic mission-critical hub
781,Dodge,5364.26,Reduced scalable collaboration
782,Mitsubishi,6778.81,Switchable composite circuit
783,GMC,6729.11,Assimilated bifurcated encryption
784,Lexus,1828.16,Devolved responsive alliance
785,Oldsmobile,9648.84,User-friendly coherent local area network
786,Volkswagen,8810.2,User-centric intermediate alliance
787,Ferrari,3525.29,Pre-emptive discrete portal
788,Toyota,1281.7,User-friendly 3rd generation productivity
789,Mazda,7925.9,Synchronised neutral moderator
790,Pontiac,15.11,Profit-focused non-volatile access
791,Ford,4443.87,Business-focused multi-tasking access
792,Mitsubishi,6014.17,Triple-buffered executive strategy
793,Honda,9812.06,Pre-emptive asymmetric matrix
794,Lexus,3899.84,Public-key disintermediate concept
795,Dodge,4919.79,Cross-platform upward-trending initiative
796,GMC,7573.64,Open-source tertiary analyzer
797,Oldsmobile,4599.29,Exclusive demand-driven policy
798,Buick,3350.59,Robust mission-critical software
799,Hyundai,2250.32,Stand-alone methodical analyzer
800,Subaru,5465.72,Adaptive bifurcated benchmark
801,GMC,9572.49,Integrated methodical infrastructure
802,Dodge,3155.51,Ergonomic 3rd generation framework
803,Cadillac,9163.11,Reduced well-modulated benchmark
804,Saab,3528.87,Automated tangible interface
805,Dodge,7571.18,Enhanced discrete attitude
806,Lexus,9274.1,Streamlined tangible framework
807,Hyundai,9267.8,Function-based 3rd generation knowledge user
808,Chrysler,8206.24,Managed non-volatile challenge
809,Pontiac,8095.43,Triple-buffered zero tolerance internet solution
810,Mitsubishi,4829.64,Customer-focused 3rd generation installation
811,Subaru,3303.2,Innovative object-oriented database
812,Mercedes-Benz,9299.5,Organic 3rd generation conglomeration
813,Dodge,8795.5,Cloned methodical matrices
814,Chevrolet,8560.98,Configurable empowering definition
815,BMW,5779.64,Team-oriented foreground capability
816,Lincoln,9818.65,Synchronised fault-tolerant ability
817,Oldsmobile,4323.01,Profound bifurcated solution
818,Dodge,8222.17,Multi-layered modular standardization
819,Ford,3819.53,Reactive maximized system engine
820,Infiniti,7034.35,Virtual object-oriented functionalities
821,Audi,5666.51,Team-oriented 5th generation capacity
822,Mitsubishi,7925.0,Future-proofed optimal utilisation
823,Bentley,3752.84,Robust clear-thinking pricing structure
824,Lamborghini,9897.48,Open-architected bi-directional interface
825,Subaru,3849.19,Ergonomic impactful parallelism
826,Jeep,3985.81,Team-oriented user-facing interface
827,Infiniti,7371.81,Phased holistic complexity
828,Saab,8971.52,Phased secondary knowledge base
829,Porsche,8392.0,Switchable fresh-thinking initiative
830,Volkswagen,5121.91,Self-enabling disintermediate secured line
831,Saab,9032.79,Reduced full-range focus group
832,Honda,7185.77,Cloned contextually-based attitude
833,Chevrolet,4860.79,Public-key holistic system engine
834,Acura,1656.23,Up-sized explicit utilisation
835,Lexus,7684.44,Multi-tiered eco-centric emulation
836,Buick,3298.51,Universal system-worthy forecast
837,Oldsmobile,4046.75,Reduced attitude-oriented moderator
838,Mazda,5709.09,Exclusive asymmetric structure
839,Mazda,9677.02,Innovative cohesive info-mediaries
840,Toyota,5946.66,Balanced bandwidth-monitored data-warehouse
841,Chrysler,7159.08,Triple-buffered transitional artificial intelligence
842,Ford,4092.94,Object-based dedicated attitude
843,Volkswagen,3018.1,Optimized bottom-line data-warehouse
844,Dodge,3594.3,Optional motivating instruction set
845,Subaru,8233.64,Virtual national hardware
846,Volkswagen,3283.51,Exclusive leading edge info-mediaries
847,Nissan,5873.87,Right-sized bandwidth-monitored synergy
848,Porsche,3659.83,Monitored intermediate support
849,Chevrolet,169.17,Synergistic dynamic initiative
850,Volvo,4583.99,Visionary dynamic concept
851,Volkswagen,8913.9,Open-architected composite approach
852,Subaru,1787.63,Public-key tertiary firmware
853,Mazda,7564.03,Implemented background productivity
854,GMC,8517.23,Optimized motivating customer loyalty
855,Chevrolet,357.39,Synchronised content-based collaboration
856,Ford,2465.15,Multi-lateral static process improvement
857,Oldsmobile,5557.35,Cross-group bandwidth-monitored forecast
858,Dodge,9489.92,Face to face national forecast
859,Audi,1291.28,Multi-tiered 5th generation flexibility
860,Lexus,2153.33,Devolved contextually-based support
861,Toyota,4322.87,Progressive upward-trending firmware
862,Buick,1059.6,Seamless interactive middleware
863,Suzuki,1754.36,Object-based encompassing frame
864,GMC,9679.24,Multi-lateral empowering capacity
865,Jeep,7888.24,Synchronised 6th generation encryption
866,Audi,4240.09,Reactive tangible adapter
867,Volvo,9966.93,Re-contextualized discrete collaboration
868,Ford,3899.22,Profound zero defect adapter
869,BMW,1095.93,Seamless fresh-thinking groupware
870,Mazda,6536.51,Programmable zero administration initiative
871,Plymouth,8813.3,Synergistic discrete synergy
872,Chrysler,89.78,Enhanced dynamic process improvement
873,Volvo,1838.79,Diverse dedicated knowledge user
874,Pontiac,3218.43,Decentralized maximized throughput
875,Nissan,3057.62,Adaptive mission-critical capability
876,Buick,4893.4,Multi-tiered attitude-oriented emulation
877,Mercury,6858.2,Focused local application
878,Mercedes-Benz,1399.45,Synchronised content-based open architecture
879,Toyota,9611.9,Configurable global time-frame
880,Lexus,2989.22,Persistent grid-enabled alliance
881,Lincoln,4870.11,Cross-platform mobile forecast
882,Saab,139.0,Vision-oriented national standardization
883,Dodge,3584.58,Configurable methodical toolset
884,GMC,5388.71,Proactive stable customer loyalty
885,Volkswagen,8500.33,Balanced hybrid support
886,Mercedes-Benz,2713.47,Secured fresh-thinking capability
887,Audi,76.7,Profit-focused stable solution
888,Plymouth,497.82,Function-based regional archive
889,Audi,900.26,Intuitive hybrid Graphical User Interface
890,Toyota,2197.88,Multi-lateral directional leverage
891,Ford,9921.36,Secured client-driven frame
892,GMC,4967.79,Automated foreground time-frame
893,Chevrolet,8966.45,Monitored directional data-warehouse
894,Ford,9284.13,Cross-platform neutral protocol
895,Suzuki,3150.83,Networked encompassing intranet
896,Volkswagen,1140.59,Fully-configurable multi-tasking access
897,Toyota,9657.62,Expanded well-modulated collaboration
898,Chrysler,107.3,Proactive grid-enabled approach
899,Dodge,8105.92,Phased reciprocal core
900,GMC,7460.03,Reduced systematic core
901,Mercedes-Benz,2384.43,Optional real-time function
902,Hyundai,7981.6,Extended next generation standardization
903,Jeep,2866.41,Function-based systematic concept
904,Toyota,5401.69,Enhanced dynamic flexibility
905,Chevrolet,5900.88,Mandatory holistic hierarchy
906,Toyota,1929.97,Pre-emptive methodical software
907,Hummer,106.73,Multi-lateral clear-thinking solution
908,Ford,9503.92,Multi-tiered eco-centric Graphic Interface
909,Mazda,9437.25,Profound intermediate extranet
910,Ford,5461.5,Digitized bifurcated orchestration
911,GMC,2332.38,Exclusive web-enabled workforce
912,Chevrolet,1546.28,Programmable fresh-thinking time-frame
913,Pontiac,7676.24,Total global infrastructure
914,Chevrolet,3050.59,Adaptive local interface
915,Oldsmobile,9183.13,Automated logistical synergy
916,Lexus,1074.48,Monitored 4th generation hardware
917,Ford,3788.12,Object-based non-volatile interface
918,Lincoln,4912.54,Universal bandwidth-monitored firmware
919,Mercedes-Benz,768.48,Versatile motivating support
920,Lexus,7288.03,Realigned logistical ability
921,Porsche,9559.63,Extended bottom-line application
922,Ford,3362.94,Reduced value-added forecast
923,Chevrolet,8136.36,Implemented optimal utilisation
924,Chevrolet,7821.06,Synergized grid-enabled moderator
925,GMC,443.63,Focused 24/7 superstructure
926,Chevrolet,5550.75,Universal national data-warehouse
927,Honda,821.45,Multi-lateral incremental process improvement
928,Chevrolet,6968.71,Triple-buffered bandwidth-monitored focus group
929,Audi,8265.98,Public-key clear-thinking time-frame
930,Toyota,2859.57,Extended fresh-thinking concept
931,Cadillac,7017.46,Profit-focused client-server forecast
932,Ford,9284.67,Multi-channelled modular challenge
933,Lexus,1438.61,Optimized neutral capability
934,Lexus,9969.34,Open-source mobile collaboration
935,Mercury,5936.56,Managed foreground focus group
936,Lincoln,3224.84,Business-focused contextually-based structure
937,Suzuki,8465.36,Multi-channelled actuating forecast
938,Infiniti,8167.39,Decentralized encompassing complexity
939,BMW,2958.63,Cross-group background firmware
940,Daewoo,2866.56,Open-architected global task-force
941,Pontiac,2267.3,Organized hybrid hub
942,Chevrolet,7168.14,Configurable methodical benchmark
943,Cadillac,5733.47,Realigned modular time-frame
944,Audi,370.48,Streamlined analyzing internet solution
945,Jeep,9267.66,Advanced modular conglomeration
946,Dodge,1929.77,Multi-tiered asynchronous budgetary management
947,Toyota,5965.73,Function-based well-modulated focus group
948,GMC,4036.09,Sharable demand-driven middleware
949,BMW,6701.91,Vision-oriented system-worthy leverage
950,Lexus,7063.14,Implemented impactful policy
951,Ford,7005.49,Team-oriented systemic matrices
952,Subaru,4884.74,Devolved composite database
953,Chevrolet,8036.59,Down-sized bandwidth-monitored adapter
954,BMW,2511.25,Re-contextualized actuating concept
955,Hummer,5786.77,Down-sized neutral encryption
956,Infiniti,156.35,Ergonomic non-volatile hardware
957,Mitsubishi,5627.66,Enterprise-wide even-keeled instruction set
958,Chrysler,5016.57,Balanced multi-tasking protocol
959,Toyota,121.94,Right-sized bottom-line budgetary management
960,Dodge,8315.35,Object-based uniform installation
961,Volkswagen,8888.96,Fundamental uniform portal
962,Honda,4473.39,Compatible 24 hour adapter
963,Ford,7334.65,Profound discrete strategy
964,Audi,5440.99,Intuitive zero tolerance interface
965,Lexus,9059.65,Front-line multi-state complexity
966,Volkswagen,9285.4,Right-sized executive Graphic Interface
967,Cadillac,7554.82,Cross-group content-based solution
968,Chrysler,2132.28,Public-key tertiary methodology
969,Mercedes-Benz,4656.3,Business-focused optimal methodology
970,Porsche,1298.55,Down-sized impactful Graphical User Interface
971,Buick,3941.46,Proactive impactful frame
972,GMC,555.56,Enhanced cohesive model
973,Suzuki,5520.58,Intuitive zero defect analyzer
974,Pontiac,5578.98,Self-enabling user-facing infrastructure
975,Suzuki,3158.94,Future-proofed demand-driven product
976,Lexus,3616.58,De-engineered multi-state frame
977,Mercedes-Benz,7645.21,Multi-channelled web-enabled capacity
978,Suzuki,9901.51,Function-based systemic knowledge user
979,Ford,9847.65,Grass-roots optimal contingency
980,Lexus,8052.62,Focused stable project
981,Audi,3522.31,Synchronised 6th generation focus group
982,Land Rover,2464.9,Front-line asymmetric circuit
983,Dodge,8627.34,Organized directional knowledge user
984,Toyota,3591.13,Seamless didactic moderator
985,Chevrolet,2935.96,Reactive background internet solution
986,Lexus,9713.68,Persistent eco-centric initiative
987,Mitsubishi,2397.97,Organized national conglomeration
988,Saturn,2395.05,Adaptive radical data-warehouse
989,Chrysler,3381.96,Fundamental actuating intranet
990,Chevrolet,5693.5,Organic optimal moderator
991,Ford,2265.07,Fully-configurable real-time solution
992,Jeep,2780.06,Triple-buffered methodical capability
993,Hummer,2802.62,Horizontal 3rd generation moderator
994,Kia,1343.73,Up-sized client-driven model
995,Hyundai,6833.26,Open-architected hybrid architecture
996,Jaguar,9548.99,Extended interactive workforce
997,Dodge,3890.88,Extended exuding hardware
998,Ford,2062.31,Automated directional monitoring
999,Jaguar,9699.52,Expanded systemic data-warehouse
1000,Ford,3139.14,Visionary intermediate challenge
